{"cameraMode":{"drawMode":0,"name":"Shaded","section":"Shading Mode"},"sceneLighting":true,"audioPlay":false,"sceneViewState":{"m_AlwaysRefresh":true,"showFog":true,"showSkybox":true,"showFlares":true,"showImageEffects":true,"showParticleSystems":true,"showVisualEffectGraphs":true,"m_FxEnabled":true},"in2DMode":false,"pivot":{"x":6.277927875518799,"y":11.454275131225586,"z":-1.4502121210098267},"rotation":{"x":-0.02880530245602131,"y":0.0035954483319073917,"z":-0.00010305763862561435,"w":-0.9995841383934021},"size":13.578587532043457,"orthographic":false}